[{"model": "tendencies.type", "pk": "0e0d9270-29ca-4067-b2c5-2d3352b9b04f", "fields": {"created_at": "2022-04-23T20:42:05.665Z", "updated_at": "2022-04-24T10:51:27.525Z", "code": "fount_v2", "name": "\ud30c\uc6b4\ud2b8 \ud22c\uc790\uc131\ud5a5 \ubd84\uc11d(2.1x)", "description": "\ud30c\uc6b4\ud2b8 \ud22c\uc790\uc131\ud5a5 \ubd84\uc11d(2.10 \uc774\uc0c1 \ubc84\uc804)", "exp_days": 365, "is_published": true}}, {"model": "tendencies.type", "pk": "ae8e589b-3c12-4415-a074-848fe359f966", "fields": {"created_at": "2022-04-23T20:42:01.173Z", "updated_at": "2022-04-24T10:52:17.333Z", "code": "fount", "name": "\ud30c\uc6b4\ud2b8 \ud22c\uc790\uc131\ud5a5 \ubd84\uc11d(3.x)", "description": "\ud30c\uc6b4\ud2b8 \ud22c\uc790\uc131\ud5a5 \ubd84\uc11d(3.x) \ubc84\uc804", "exp_days": 365, "is_published": true}}, {"model": "tendencies.type", "pk": "be1c24c3-1d80-4e4a-ab81-42318d3bc979", "fields": {"created_at": "2022-04-24T07:22:13.781Z", "updated_at": "2022-04-24T10:50:36.765Z", "code": "fount_v1", "name": "\ud30c\uc6b4\ud2b8 \ud22c\uc790\uc131\ud5a5 \ubd84\uc11d(\uc2e0\ud55c\uae08\ud22c \uc9c8\ubb38 \ubc84\uc804)", "description": "\ud30c\uc6b4\ud2b8 \ud22c\uc790\uc131\ud5a5 \ubd84\uc11d(\uc2e0\ud55c\uae08\ud22c \uc9c8\ubb38 \ubc84\uc804)", "exp_days": 365, "is_published": true}}, {"model": "tendencies.scorerange", "pk": "086a58fb-5099-4fd3-9348-04566f06f585", "fields": {"created_at": "2022-04-24T07:22:13.785Z", "updated_at": "2022-04-24T07:22:13.785Z", "type": "be1c24c3-1d80-4e4a-ab81-42318d3bc979", "risk_type": "3", "start": 21, "end": 25}}, {"model": "tendencies.scorerange", "pk": "09981129-0883-41e6-aa28-e224d7828888", "fields": {"created_at": "2022-04-23T20:42:05.669Z", "updated_at": "2022-04-23T20:42:05.669Z", "type": "0e0d9270-29ca-4067-b2c5-2d3352b9b04f", "risk_type": "3", "start": 80, "end": 85}}, {"model": "tendencies.scorerange", "pk": "3532edc4-e159-471b-b0a0-e47c80fe0ccb", "fields": {"created_at": "2022-04-23T20:42:01.178Z", "updated_at": "2022-04-23T20:42:01.178Z", "type": "ae8e589b-3c12-4415-a074-848fe359f966", "risk_type": "4", "start": 86, "end": 200}}, {"model": "tendencies.scorerange", "pk": "3a933689-7b9b-42ed-978a-c056e9b83bee", "fields": {"created_at": "2022-04-24T07:22:13.785Z", "updated_at": "2022-04-24T07:22:13.785Z", "type": "be1c24c3-1d80-4e4a-ab81-42318d3bc979", "risk_type": "2", "start": 16, "end": 20}}, {"model": "tendencies.scorerange", "pk": "3c1d2e5f-c05b-463f-9f7f-8352d059f2be", "fields": {"created_at": "2022-04-23T20:42:05.668Z", "updated_at": "2022-04-23T20:42:05.668Z", "type": "0e0d9270-29ca-4067-b2c5-2d3352b9b04f", "risk_type": "1", "start": 68, "end": 73}}, {"model": "tendencies.scorerange", "pk": "452a9f4d-876a-4bed-b0dd-1bcce0887c8b", "fields": {"created_at": "2022-04-23T20:42:05.668Z", "updated_at": "2022-04-23T20:42:05.668Z", "type": "0e0d9270-29ca-4067-b2c5-2d3352b9b04f", "risk_type": "0", "start": 0, "end": 67}}, {"model": "tendencies.scorerange", "pk": "4f01a047-c5db-4f51-806f-043dce2ecdff", "fields": {"created_at": "2022-04-23T20:42:05.669Z", "updated_at": "2022-04-23T20:42:05.669Z", "type": "0e0d9270-29ca-4067-b2c5-2d3352b9b04f", "risk_type": "2", "start": 74, "end": 79}}, {"model": "tendencies.scorerange", "pk": "6a6c90db-3c20-4683-a1ad-46955e4ccfc9", "fields": {"created_at": "2022-04-23T20:42:01.178Z", "updated_at": "2022-04-23T20:42:01.178Z", "type": "ae8e589b-3c12-4415-a074-848fe359f966", "risk_type": "3", "start": 80, "end": 85}}, {"model": "tendencies.scorerange", "pk": "799229b0-1435-465b-99af-f10a18bccc30", "fields": {"created_at": "2022-04-24T07:22:13.785Z", "updated_at": "2022-04-24T07:22:13.785Z", "type": "be1c24c3-1d80-4e4a-ab81-42318d3bc979", "risk_type": "0", "start": 0, "end": 10}}, {"model": "tendencies.scorerange", "pk": "9f6e15b1-77eb-4b10-9fa8-2fff63abe872", "fields": {"created_at": "2022-04-23T20:42:01.178Z", "updated_at": "2022-04-23T20:42:01.178Z", "type": "ae8e589b-3c12-4415-a074-848fe359f966", "risk_type": "0", "start": 0, "end": 68}}, {"model": "tendencies.scorerange", "pk": "b2d1b5fb-08da-4de8-bea6-fc8ef447d70a", "fields": {"created_at": "2022-04-24T07:22:13.785Z", "updated_at": "2022-04-24T07:22:13.785Z", "type": "be1c24c3-1d80-4e4a-ab81-42318d3bc979", "risk_type": "4", "start": 26, "end": 100}}, {"model": "tendencies.scorerange", "pk": "c2e391d8-e397-4ad8-9880-b2a62eeb38a4", "fields": {"created_at": "2022-04-23T20:42:05.669Z", "updated_at": "2022-04-23T20:42:05.669Z", "type": "0e0d9270-29ca-4067-b2c5-2d3352b9b04f", "risk_type": "4", "start": 86, "end": 200}}, {"model": "tendencies.scorerange", "pk": "ce6e8a47-8172-4be6-aeb5-ca8ea8538572", "fields": {"created_at": "2022-04-23T20:42:01.178Z", "updated_at": "2022-04-23T20:42:01.178Z", "type": "ae8e589b-3c12-4415-a074-848fe359f966", "risk_type": "2", "start": 74, "end": 79}}, {"model": "tendencies.scorerange", "pk": "f4f0fa34-3579-4beb-a964-431257d3e037", "fields": {"created_at": "2022-04-23T20:42:01.178Z", "updated_at": "2022-04-23T20:42:01.178Z", "type": "ae8e589b-3c12-4415-a074-848fe359f966", "risk_type": "1", "start": 69, "end": 73}}, {"model": "tendencies.scorerange", "pk": "fcf237c7-d1c8-4d60-9e8e-819eebe3f28c", "fields": {"created_at": "2022-04-24T07:22:13.785Z", "updated_at": "2022-04-24T07:22:13.785Z", "type": "be1c24c3-1d80-4e4a-ab81-42318d3bc979", "risk_type": "1", "start": 11, "end": 15}}, {"model": "tendencies.question", "pk": "00af24a1-7fb2-453a-bef0-925f5eb68ab7", "fields": {"created_at": "2022-04-23T20:42:01.184Z", "updated_at": "2022-04-23T20:42:01.184Z", "type": "ae8e589b-3c12-4415-a074-848fe359f966", "order": 3, "question_type": "select", "title": "\ud22c\uc790\uc2dc \uc190\uc2e4\uc740 \uc5b4\ub290\uc815\ub3c4\uae4c\uc9c0 \uacac\ub51c \uc218 \uc788\ub098\uc694?", "text": "\ud22c\uc790\uc2dc \uc190\uc2e4\uc740 \uc5b4\ub290\uc815\ub3c4\uae4c\uc9c0 \uacac\ub51c \uc218 \uc788\ub098\uc694?", "separator_type": "|", "choices": "\uae30\ub300\uc218\uc775\uc774 \ub192\ub2e4\uba74 \uc704\ud5d8\uc774 \ub192\uc544\ub3c4 \uc0c1\uad00\ud558\uc9c0 \uc54a\uc74c|\ud22c\uc790\uc6d0\uae08\uc5d0\uc11c 20~100% \uc190\uc2e4\uc744 \uac10\ub0b4\ud560 \uc218 \uc788\uc74c|\ud22c\uc790\uc6d0\uae08\uc5d0\uc11c 20%\ubbf8\ub9cc\uae4c\uc9c0\ub294 \uc190\uc2e4\uc744 \uac10\ub0b4\ud560 \uc218 \uc788\uc74c|\ud22c\uc790\uc6d0\uae08\uc5d0\uc11c 10%\ubbf8\ub9cc\uae4c\uc9c0\ub294 \uc190\uc2e4\uc744 \uac10\ub0b4\ud560 \uc218 \uc788\uc74c|\ud22c\uc790\uc6d0\uae08 \ubcf4\uc804\uc744 \uc120\ud638\ud568", "scores": "20|19|18|17|16"}}, {"model": "tendencies.question", "pk": "081ad007-0599-4276-9286-3af8d0523414", "fields": {"created_at": "2022-04-23T20:42:01.184Z", "updated_at": "2022-04-23T20:42:01.184Z", "type": "ae8e589b-3c12-4415-a074-848fe359f966", "order": 7, "question_type": "select", "title": "\ucd1d \uc790\uc0b0\uc5d0\uc11c \uae08\uc735 \uc790\uc0b0\uc740 \uc5b4\ub290 \uc815\ub3c4\uc778\uac00\uc694?", "text": "\ucd1d \uc790\uc0b0\uc5d0\uc11c \uae08\uc735 \uc790\uc0b0\uc740 \uc5b4\ub290 \uc815\ub3c4\uc778\uac00\uc694?", "separator_type": "|", "choices": "5% \uc774\ud558|10% \uc774\ub0b4|20% \uc774\ub0b4|30% \uc774\ub0b4|30% \ucd08\uacfc", "scores": "6|7|8|9|10"}}, {"model": "tendencies.question", "pk": "13e003ef-b8a7-4d90-9fb3-fd4b7ee7e91e", "fields": {"created_at": "2022-04-24T07:22:13.789Z", "updated_at": "2022-04-24T09:50:25.125Z", "type": "be1c24c3-1d80-4e4a-ab81-42318d3bc979", "order": 6, "question_type": "multiple_select", "title": "\ud22c\uc790\uacbd\ud5d8-C", "text": "\ub2e4\uc74c \ubcf4\uae30 \uc911 \ud22c\uc790\ud574 \ubcf8 \uc0c1\ud488\uc774 \uc788\ub098\uc694?", "separator_type": "|", "choices": "\uc5c6\uc74c|\ucc44\uad8c/\ud63c\ud569\ud615 \ud380\ub4dc|\uc2e0\ud0c1|\ucc44\uad8c|\ucc44\uad8c/\ud63c\ud569\ud615 \ud380\ub4dc(0)|\uc2e0\ud0c1(0)|\ucc44\uad8c(0)", "scores": "0|1|1|1|0|0|0"}}, {"model": "tendencies.question", "pk": "155e53bd-5b1c-47d7-8374-61519e279198", "fields": {"created_at": "2022-04-23T20:42:01.184Z", "updated_at": "2022-04-23T20:42:01.184Z", "type": "ae8e589b-3c12-4415-a074-848fe359f966", "order": 0, "question_type": "select", "title": "\ud22c\uc790 (\uc8fc\uc2dd, \ud380\ub4dc \ub4f1) \uacbd\ud5d8 \uae30\uac04\uc740 \uc5bc\ub9c8\ub098 \ub418\uc2dc\ub098\uc694?", "text": "\ud22c\uc790 (\uc8fc\uc2dd, \ud380\ub4dc \ub4f1) \uacbd\ud5d8 \uae30\uac04\uc740 \uc5bc\ub9c8\ub098 \ub418\uc2dc\ub098\uc694?", "separator_type": "|", "choices": "\uacbd\ud5d8\uc5c6\uc74c|6\uac1c\uc6d4 \ubbf8\ub9cc|6\uac1c\uc6d4 \uc774\uc0c1 1\ub144 \ubbf8\ub9cc|1\ub144 \uc774\uc0c1 2\ub144 \ubbf8\ub9cc|2\ub144 \uc774\uc0c1 3\ub144 \ubbf8\ub9cc|3\ub144 \uc774\uc0c1", "scores": "6|7|8|9|10|10"}}, {"model": "tendencies.question", "pk": "17a9b944-7691-48dd-9772-5eef54604ffc", "fields": {"created_at": "2022-04-24T07:22:13.789Z", "updated_at": "2022-04-24T09:11:30.155Z", "type": "be1c24c3-1d80-4e4a-ab81-42318d3bc979", "order": 14, "question_type": "select", "title": "\ud22c\uc790\uc790\uc815\ubcf4\ud655\uc778 \uc720\ud6a8\uae30\uac04 \uc124\uc815 \ub3d9\uc758", "text": "\ud22c\uc790\uc815\ubcf4\ud655\uc778 \uc720\ud6a8\uae30\uac04 \uc124\uc815 \ub3d9\uc758", "separator_type": "|", "choices": "\ub3d9\uc758\ud558\uc9c0 \uc54a\uc2b5\ub2c8\ub2e4.|\uc544\ub798 \ub0b4\uc6a9\uc744 \uc77d\uace0 \ub3d9\uc758\ud569\ub2c8\ub2e4.", "scores": "0|0"}}, {"model": "tendencies.question", "pk": "1e565683-c936-408d-bde9-e13a281fe27c", "fields": {"created_at": "2022-04-23T20:42:05.672Z", "updated_at": "2022-04-23T20:42:05.672Z", "type": "0e0d9270-29ca-4067-b2c5-2d3352b9b04f", "order": 3, "question_type": "select", "title": "\ud22c\uc790 \uae30\uac04\uc744 \uc5bc\ub9c8\ub098 \uc0dd\uac01\ud558\uace0 \uc788\ub098\uc694?", "text": "\ud22c\uc790 \uae30\uac04\uc744 \uc5bc\ub9c8\ub098 \uc0dd\uac01\ud558\uace0 \uc788\ub098\uc694?", "separator_type": "|", "choices": "6\uac1c\uc6d4 \ubbf8\ub9cc|1\ub144 \ubbf8\ub9cc|2\ub144 \ubbf8\ub9cc|3\ub144 \ubbf8\ub9cc|3\ub144 \uc774\uc0c1", "scores": "4|6|8|9|10"}}, {"model": "tendencies.question", "pk": "2e5a8670-9e98-457f-83c0-9c5f20bf0200", "fields": {"created_at": "2022-04-23T20:42:01.184Z", "updated_at": "2022-04-23T20:42:01.184Z", "type": "ae8e589b-3c12-4415-a074-848fe359f966", "order": 5, "question_type": "select", "title": "\uc5f0\ub839\ub300\ub294 \uc5b4\ub5bb\uac8c \ub418\uc2dc\ub098\uc694?", "text": "\uc5f0\ub839\ub300\ub294 \uc5b4\ub5bb\uac8c \ub418\uc2dc\ub098\uc694?", "separator_type": "|", "choices": "20\ub300|30\ub300|40\ub300|50\ub300|60\ub300 \uc774\uc0c1", "scores": "8|10|9|6|4"}}, {"model": "tendencies.question", "pk": "399cb232-06f4-4b30-8daf-099d8ef8cf19", "fields": {"created_at": "2022-04-23T20:42:05.672Z", "updated_at": "2022-04-23T20:42:05.672Z", "type": "0e0d9270-29ca-4067-b2c5-2d3352b9b04f", "order": 5, "question_type": "select", "title": "\uc6d4\uc18c\ub4dd\uc740 \uc5b4\ub290\uc815\ub3c4 \uc778\uac00\uc694?", "text": "\uc6d4\uc18c\ub4dd\uc740 \uc5b4\ub290\uc815\ub3c4 \uc778\uac00\uc694?", "separator_type": "|", "choices": "100\ub9cc\uc6d0 \uc774\ud558|200\ub9cc\uc6d0 \uc774\ud558|300\ub9cc\uc6d0 \uc774\ud558|400\ub9cc\uc6d0 \uc774\ud558|400\ub9cc\uc6d0 \ucd08\uacfc", "scores": "2|5|8|9|10"}}, {"model": "tendencies.question", "pk": "3de67bd4-ce69-4d27-b464-5e7963dd737c", "fields": {"created_at": "2022-04-24T07:22:13.789Z", "updated_at": "2022-04-24T09:50:25.122Z", "type": "be1c24c3-1d80-4e4a-ab81-42318d3bc979", "order": 4, "question_type": "multiple_select", "title": "\ud22c\uc790\uacbd\ud5d8-B", "text": "\ub2e4\uc74c \ubcf4\uae30 \uc911 \ud22c\uc790\ud574 \ubcf8 \uc0c1\ud488\uc774 \uc788\ub098\uc694?", "separator_type": "|", "choices": "\uc5c6\uc74c|\uc8fc\uc2dd|\uc8fc\uc2dd\ud615\ud380\ub4dc|\ud574\uc678\ud380\ub4dc|\uc6d0\uae08\ubcf4\uc7a5\ud615 ELW/DLS/ELF|\ud22c\uc790\uc790\ubb38/ \uc77c\uc784(Wrap)|\uc678\ud654\uc99d\uad8c(0)|\uc8fc\uc2dd(0)|\uc8fc\uc2dd\ud615\ud380\ub4dc(0)|\ud574\uc678\ud380\ub4dc(0)|\uc6d0\uae08\ubcf4\uc7a5\ud615 ELW/DLS/ELF(0)|\ud22c\uc790\uc790\ubb38/ \uc77c\uc784(Wrap)(0)|\uc678\ud654\uc99d\uad8c(0)", "scores": "0|3|3|3|3|3|3|0|0|0|0|0|0"}}, {"model": "tendencies.question", "pk": "43a57e45-abd1-4652-9b37-0092926148d3", "fields": {"created_at": "2022-04-24T07:22:13.789Z", "updated_at": "2022-04-24T09:12:21.314Z", "type": "be1c24c3-1d80-4e4a-ab81-42318d3bc979", "order": 0, "question_type": "select", "title": "\uc18c\ub4dd\uc0c1\ud0dc", "text": "\ud5a5\ud6c4 \uc5f0\uac04 \uc218\uc785\uc6d0\uc5d0 \ub300\ud574 \uc608\uc0c1\ud574\ubcfc\uae4c\uc694?", "separator_type": "|", "choices": "\uc5c6\uc74c|\uc55e\uc73c\ub85c \uc720\uc9c0\ub418\uac70\ub098 \uc99d\uac00\ud560 \uac83 \uac19\uc544\uc694.|\ud604\uc7ac\ub294 \uc77c\uc815\ud558\uc9c0\ub9cc \uc55e\uc73c\ub85c\ub294 \uc798 \ubaa8\ub974\uaca0\uc5b4\uc694.|\uc5f0\uae08\uc744 \uae30\ub300\ud558\uace0 \uc788\uc5b4\uc694.", "scores": "0|1|3|5"}}, {"model": "tendencies.question", "pk": "45aafd2b-254c-445c-996f-9f8495f689f2", "fields": {"created_at": "2022-04-23T20:42:01.184Z", "updated_at": "2022-04-23T20:42:01.184Z", "type": "ae8e589b-3c12-4415-a074-848fe359f966", "order": 2, "question_type": "select", "title": "\ud22c\uc790\uc5d0 \ub300\ud55c \ud0dc\ub3c4\ub294 \uc5b4\ub5a0\uc2e0\uac00\uc694?", "text": "\ud22c\uc790\uc5d0 \ub300\ud55c \ud0dc\ub3c4\ub294 \uc5b4\ub5a0\uc2e0\uac00\uc694?", "separator_type": "|", "choices": "\ud22c\uc790\uc218\uc775\ubcf4\ub2e4 \uc6d0\uae08\ubcf4\uc874\uc774 \uc911\uc694|\uc6d0\uae08\ubcf4\uc874\ubcf4\ub2e4 \ud22c\uc790\uc218\uc775\uc774 \uc911\uc694|\uc704\ud5d8\uc774 \uc788\ub354\ub77c\ub3c4 \ub192\uc740 \ud22c\uc790\uc218\uc775\uc774 \uc911\uc694", "scores": "18|19|20"}}, {"model": "tendencies.question", "pk": "507c2f00-f12a-4535-b0c5-c3b5e09e0d23", "fields": {"created_at": "2022-04-23T20:42:05.672Z", "updated_at": "2022-04-23T20:42:05.672Z", "type": "0e0d9270-29ca-4067-b2c5-2d3352b9b04f", "order": 6, "question_type": "select", "title": "\ucd1d \uc790\uc0b0\uc5d0\uc11c \uae08\uc735 \uc790\uc0b0\uc740 \uc5b4\ub290 \uc815\ub3c4\uc778\uac00\uc694?", "text": "\ucd1d \uc790\uc0b0\uc5d0\uc11c \uae08\uc735 \uc790\uc0b0\uc740 \uc5b4\ub290 \uc815\ub3c4\uc778\uac00\uc694?", "separator_type": "|", "choices": "5% \uc774\ud558|10% \uc774\ub0b4|20% \uc774\ub0b4|30% \uc774\ub0b4|30% \ucd08\uacfc", "scores": "6|7|8|9|10"}}, {"model": "tendencies.question", "pk": "510da7df-1b18-496f-9803-5d83f860b2ad", "fields": {"created_at": "2022-04-24T07:22:13.789Z", "updated_at": "2022-04-24T09:50:25.120Z", "type": "be1c24c3-1d80-4e4a-ab81-42318d3bc979", "order": 2, "question_type": "multiple_select", "title": "\ud22c\uc790\uacbd\ud5d8-A", "text": "\ub2e4\uc74c \ubcf4\uae30 \uc911 \ud22c\uc790\ud574 \ubcf8 \uc0c1\ud488\uc774 \uc788\ub098\uc694?", "separator_type": "|", "choices": "\uc5c6\uc74c|\uc8fc\uc2dd|\uc8fc\uc2dd\ud615\ud380\ub4dc|\ud574\uc678\ud380\ub4dc|\uc6d0\uae08\ube44\ubcf4\uc7a5\ud615 ELW/DLS/ELF|\uc8fc\uc2dd(0)|\uc8fc\uc2dd\ud615\ud380\ub4dc(0)|\ud574\uc678\ud380\ub4dc(0)|\uc6d0\uae08\ube44\ubcf4\uc7a5\ud615 ELW/DLS/ELF(0)", "scores": "0|6|6|6|6|0|0|0|0"}}, {"model": "tendencies.question", "pk": "53e25cd7-f49f-4016-8485-8798f4dd07b2", "fields": {"created_at": "2022-04-24T07:22:13.789Z", "updated_at": "2022-04-24T10:30:08.826Z", "type": "be1c24c3-1d80-4e4a-ab81-42318d3bc979", "order": 12, "question_type": "select", "title": "\ud30c\uc0dd\uc0c1\ud488 \ud22c\uc790\uacbd\ud5d8", "text": "\ud30c\uc0dd\uc0c1\ud488, \ud30c\uc0dd\uacb0\ud569\uc99d\uad8c, \ud30c\uc0dd\uc0c1\ud488 \ud380\ub4dc\uc5d0 \ud22c\uc790\ud558\uc2e0 \uc801\uc774 \uc788\ub098\uc694?", "separator_type": "|", "choices": "\uc5c6\uc74c|1\ub144 \ubbf8\ub9cc(\uacbd\ud5d8\uc5c6\uc74c)|1\ub144\uc774\uc0c1 3\ub144 \ubbf8\ub9cc|3\ub144 \uc774\uc0c1", "scores": "0|0|0|0"}}, {"model": "tendencies.question", "pk": "59e63342-837b-48bf-bec7-445ea070d279", "fields": {"created_at": "2022-04-24T07:22:13.789Z", "updated_at": "2022-04-24T09:50:25.124Z", "type": "be1c24c3-1d80-4e4a-ab81-42318d3bc979", "order": 5, "question_type": "select", "title": "\ud22c\uc790\uacbd\ud5d8-B", "text": "\uba87 \ub144 \uc815\ub3c4 \ud22c\uc790\ud574\ubcf4\uc168\uc5b4\uc694?", "separator_type": "|", "choices": "\uc5c6\uc74c|1\ub144 \ubbf8\ub9cc|3\ub144 \ubbf8\ub9cc|3\ub144 \uc774\uc0c1|1\ub144 \ubbf8\ub9cc(0)|3\ub144 \ubbf8\ub9cc(0)|3\ub144 \uc774\uc0c1(0)", "scores": "0|1|3|5|0|0|0"}}, {"model": "tendencies.question", "pk": "5cc7a52b-d267-4713-9f84-e231da3751aa", "fields": {"created_at": "2022-04-23T20:42:05.672Z", "updated_at": "2022-04-23T20:42:05.672Z", "type": "0e0d9270-29ca-4067-b2c5-2d3352b9b04f", "order": 2, "question_type": "select", "title": "\ud22c\uc790\uc2dc \uc190\uc2e4\uc740 \uc5b4\ub290\uc815\ub3c4\uae4c\uc9c0 \uacac\ub51c \uc218 \uc788\ub098\uc694?", "text": "\ud22c\uc790\uc2dc \uc190\uc2e4\uc740 \uc5b4\ub290\uc815\ub3c4\uae4c\uc9c0 \uacac\ub51c \uc218 \uc788\ub098\uc694?", "separator_type": "|", "choices": "\uc190\uc2e4\uc740 \uac10\uc218 \ud560 \uc218 \uc5c6\uc74c|\ucd5c\uc18c\ud55c\uc758 \uc190\uc2e4\ub9cc\uc744 \uac10\uc218|\uc77c\ubd80\uc758 \uc190\uc2e4\uc740 \uac10\uc218|\uae30\ub300\uc218\uc775\uc774 \ub192\ub2e4\uba74 \ub192\uc740 \uc190\uc2e4\ub3c4 \uac10\uc218", "scores": "16|18|19|20"}}, {"model": "tendencies.question", "pk": "68dd1253-0c1d-46d6-9b44-936bb58cd087", "fields": {"created_at": "2022-04-23T20:42:05.672Z", "updated_at": "2022-04-23T20:42:05.672Z", "type": "0e0d9270-29ca-4067-b2c5-2d3352b9b04f", "order": 4, "question_type": "select", "title": "\uc5f0\ub839\ub300\ub294 \uc5b4\ub5bb\uac8c \ub418\uc2dc\ub098\uc694?", "text": "\uc5f0\ub839\ub300\ub294 \uc5b4\ub5bb\uac8c \ub418\uc2dc\ub098\uc694?", "separator_type": "|", "choices": "20\ub300|30\ub300|40\ub300|50\ub300|60\ub300 \uc774\uc0c1", "scores": "8|10|9|6|4"}}, {"model": "tendencies.question", "pk": "704e600e-f90f-48af-be30-37c6fadeefad", "fields": {"created_at": "2022-04-23T20:42:01.184Z", "updated_at": "2022-04-23T20:42:01.184Z", "type": "ae8e589b-3c12-4415-a074-848fe359f966", "order": 6, "question_type": "select", "title": "\uc6d4\uc18c\ub4dd\uc740 \uc5b4\ub290\uc815\ub3c4 \uc778\uac00\uc694?", "text": "\uc6d4\uc18c\ub4dd\uc740 \uc5b4\ub290\uc815\ub3c4 \uc778\uac00\uc694?", "separator_type": "|", "choices": "200\ub9cc\uc6d0 \uc774\ud558|400\ub9cc\uc6d0 \uc774\ud558|600\ub9cc\uc6d0 \uc774\ud558|800\ub9cc\uc6d0 \uc774\ud558|1,000\ub9cc\uc6d0 \uc774\uc0c1", "scores": "6|7|8|9|10"}}, {"model": "tendencies.question", "pk": "7969e04f-c8cc-40ad-bfbe-c8e417c86cf6", "fields": {"created_at": "2022-04-24T07:22:13.789Z", "updated_at": "2022-04-24T09:37:50.830Z", "type": "be1c24c3-1d80-4e4a-ab81-42318d3bc979", "order": 8, "question_type": "select", "title": "\uc911\uac04 \ud655\uc778\uc9c0", "text": "\uc911\uac04 \ud655\uc778\uc9c0", "separator_type": "|", "choices": "\ubbf8\ud655\uc778|\ud655\uc778", "scores": "0|0"}}, {"model": "tendencies.question", "pk": "87f87177-2ee9-451f-bd11-d70fd8c15008", "fields": {"created_at": "2022-04-23T20:42:01.184Z", "updated_at": "2022-04-23T20:42:01.184Z", "type": "ae8e589b-3c12-4415-a074-848fe359f966", "order": 1, "question_type": "select", "title": "\ud22c\uc790\uacbd\ud5d8\uc774 \uc788\ub294 \uae08\uc735\uc0c1\ud488\uc744 \uc120\ud0dd\ud574\uc8fc\uc138\uc694.", "text": "\ud22c\uc790\uacbd\ud5d8\uc774 \uc788\ub294 \uae08\uc735\uc0c1\ud488\uc744 \uc120\ud0dd\ud574\uc8fc\uc138\uc694.", "separator_type": "|", "choices": "\ud22c\uc790\uacbd\ud5d8 \uc5c6\uc74c|\uc608\uae08, CMA, MMF, RP, \uad6d\uacf5\ucc44 \ub4f1|\ucc44\uad8c\ud615\ud380\ub4dc, \uc6d0\uae08\ubcf4\uc7a5\ud615 ELB/DLB, \uae08\uc735\ucc44 \ub4f1|\ud63c\ud569\ud615\ud380\ub4dc, \uc6d0\uae08\ubd80\ubd84\ubcf4\uc7a5\ud615 ELS/DLS, \uc77c\ubc18\ud68c\uc0ac\ucc44|\uc8fc\uc2dd, \uc8fc\uc2dd\ud615\ud380\ub4dc, \uc6d0\uae08\ube44\ubcf4\uc7a5\ud615 ELS/DLS, \uace0\uc704\ud5d8\ud68c\uc0ac\ucc44|\ud30c\uc0dd\uc0c1\ud488\ud380\ub4dc, ELW, \uc120\ubb3c\u2022\uc635\uc158, \uc8fc\uc2dd\uc2e0\uc6a9\uac70\ub798 \ub4f1", "scores": "0|1|2|3|4|5"}}, {"model": "tendencies.question", "pk": "8ff1d7b6-3672-4cf7-a3e9-fb17921d2b8b", "fields": {"created_at": "2022-04-24T07:22:13.789Z", "updated_at": "2022-04-24T09:50:25.126Z", "type": "be1c24c3-1d80-4e4a-ab81-42318d3bc979", "order": 7, "question_type": "select", "title": "\ud22c\uc790\uacbd\ud5d8-C", "text": "\uba87 \ub144 \uc815\ub3c4 \ud22c\uc790\ud574\ubcf4\uc168\uc5b4\uc694?", "separator_type": "|", "choices": "\uc5c6\uc74c|1\ub144 \ubbf8\ub9cc|3\ub144 \ubbf8\ub9cc|3\ub144 \uc774\uc0c1|1\ub144 \ubbf8\ub9cc(0)|3\ub144 \ubbf8\ub9cc(0)|3\ub144 \uc774\uc0c1(0)", "scores": "0|1|3|5|0|0|0"}}, {"model": "tendencies.question", "pk": "92cdf668-3a46-4ca7-9d5f-0e17501e3c00", "fields": {"created_at": "2022-04-24T07:22:13.789Z", "updated_at": "2022-04-24T09:39:52.489Z", "type": "be1c24c3-1d80-4e4a-ab81-42318d3bc979", "order": 11, "question_type": "select", "title": "\uae08\uc735\uc9c0\uc2dd \uc218\uc900/\uc774\ud574\ub3c4", "text": "\uae08\uc735\uc5d0 \ub300\ud55c \uc774\ud574\ub3c4\ub294 \uc5b4\ub5a0\uc138\uc694?", "separator_type": "|", "choices": "\uc5c6\uc74c|\uac70\uc758 \uc5c6\uc5b4\uc694.|\uc8fc\uc2dd, \ucc44\uad8c, \ud380\ub4dc\ub97c \uad6c\ubd84\ud560 \uc218 \uc788\uc5b4\uc694.|\uc8fc\uc2dd, \ucc44\uad8c, \ud380\ub4dc \ub4f1 \uc0c1\ud488\ub4e4\uc758 \uad6c\uc870\ub098 \uc704\ud5d8\uc740 \uc54c\uace0 \uc788\uc5b4\uc694.|\ud30c\uc0dd\uc0c1\ud488\uae4c\uc9c0 \ub300\ubd80\ubd84 \uae08\uc735 \uc0c1\ud488\uc5d0  \ub300\ud574 \uc798 \uc54c\uace0 \uc788\uc5b4\uc694.", "scores": "0|1|2|3|4"}}, {"model": "tendencies.question", "pk": "955d8b52-8b01-421b-be30-59269ed159db", "fields": {"created_at": "2022-04-24T07:22:13.789Z", "updated_at": "2022-04-24T10:30:08.828Z", "type": "be1c24c3-1d80-4e4a-ab81-42318d3bc979", "order": 13, "question_type": "select", "title": "\ucde8\uc57d\uae08\uc735\uc18c\ube44\uc790 \ud655\uc778", "text": "\ucde8\uc57d\uae08\uc735\uc18c\ube44\uc790 \uc5ec\ubd80\ub97c \ud655\uc778\ud560\uac8c\uc694.", "separator_type": "|", "choices": "\uc5c6\uc74c|\ud574\ub2f9\uc0ac\ud56d \uc5c6\uc5b4\uc694.|\ud22c\uc790\uacbd\ud5d8\uc774 \uc5c6\uac70\ub098 \ucde8\uc57d\uacc4\uce35\uc785\ub2c8\ub2e4.", "scores": "0|0|0"}}, {"model": "tendencies.question", "pk": "bcfb6638-4757-4e36-92a2-5193c9bbf40c", "fields": {"created_at": "2022-04-23T20:42:01.184Z", "updated_at": "2022-04-23T20:42:01.184Z", "type": "ae8e589b-3c12-4415-a074-848fe359f966", "order": 8, "question_type": "select", "title": "\uae08\uc735\uc0c1\ud488\uc744 \ud22c\uc790\ud558\ub294 \ubaa9\uc801\uc744 \uc120\ud0dd\ud574\uc8fc\uc138\uc694", "text": "\uae08\uc735\uc0c1\ud488\uc744 \ud22c\uc790\ud558\ub294 \ubaa9\uc801\uc744 \uc120\ud0dd\ud574\uc8fc\uc138\uc694", "separator_type": "|", "choices": "\uad50\uc721\ube44|\uc0dd\ud65c\ube44|\uacb0\ud63c\uc790\uae08|\ucc44\ubb34\uc0c1\ud658|\uc8fc\ud0dd\ub9c8\ub828\uc790\uae08|\uc790\uc0b0\uc99d\uc2dd\uc790\uae08", "scores": "1|0|1|0|1|1"}}, {"model": "tendencies.question", "pk": "c398d3e5-eec8-4d15-8f87-f190f9e1b4f8", "fields": {"created_at": "2022-04-24T07:22:13.789Z", "updated_at": "2022-04-24T09:12:21.316Z", "type": "be1c24c3-1d80-4e4a-ab81-42318d3bc979", "order": 1, "question_type": "select", "title": "\ud22c\uc790\uc790\uae08\uc758 \ube44\uc911", "text": "\ud604\uc7ac \uac16\uace0 \uacc4\uc2e0 \uc790\uc0b0\uc5d0\uc11c \uae08\uc735 \uc790\uc0b0\uc740 \uc5b4\ub290 \uc815\ub3c4\uc778\uac00\uc694?", "separator_type": "|", "choices": "\uc5c6\uc74c|5% \uc774\ud558|10% \uc774\ub0b4|20% \uc774\ub0b4|30% \uc774\ub0b4|30% \ucd08\uacfc", "scores": "0|1|2|3|4|5"}}, {"model": "tendencies.question", "pk": "cd6e2173-ec97-436f-8bce-a9e0321089fe", "fields": {"created_at": "2022-04-23T20:42:05.672Z", "updated_at": "2022-04-23T20:42:05.672Z", "type": "0e0d9270-29ca-4067-b2c5-2d3352b9b04f", "order": 1, "question_type": "select", "title": "\ud22c\uc790\uc5d0 \ub300\ud55c \ud0dc\ub3c4\ub294 \uc5b4\ub5a0\uc2e0\uac00\uc694?", "text": "\ud22c\uc790\uc5d0 \ub300\ud55c \ud0dc\ub3c4\ub294 \uc5b4\ub5a0\uc2e0\uac00\uc694?", "separator_type": "|", "choices": "\ud22c\uc790\uc218\uc775\ubcf4\ub2e4 \uc6d0\uae08\ubcf4\uc874\uc774 \uc911\uc694|\uc6d0\uae08\ubcf4\uc874\ubcf4\ub2e4 \ud22c\uc790\uc218\uc775\uc774 \uc911\uc694|\uc704\ud5d8\uc774 \uc788\ub354\ub77c\ub3c4 \ub192\uc740 \ud22c\uc790\uc218\uc775\uc774 \uc911\uc694", "scores": "16|18|19"}}, {"model": "tendencies.question", "pk": "ce73f864-d255-4a4e-acd3-1c1b028b8c54", "fields": {"created_at": "2022-04-23T20:42:05.672Z", "updated_at": "2022-04-23T20:42:05.672Z", "type": "0e0d9270-29ca-4067-b2c5-2d3352b9b04f", "order": 0, "question_type": "select", "title": "\ud22c\uc790 (\uc8fc\uc2dd, \ud380\ub4dc \ub4f1) \uacbd\ud5d8 \uae30\uac04\uc740 \uc5bc\ub9c8\ub098 \ub418\uc2dc\ub098\uc694?", "text": "\ud22c\uc790 (\uc8fc\uc2dd, \ud380\ub4dc \ub4f1) \uacbd\ud5d8 \uae30\uac04\uc740 \uc5bc\ub9c8\ub098 \ub418\uc2dc\ub098\uc694?", "separator_type": "|", "choices": "\uacbd\ud5d8\uc5c6\uc74c|6\uac1c\uc6d4 \ubbf8\ub9cc|1\ub144 \ubbf8\ub9cc|2\ub144 \ubbf8\ub9cc|2\ub144 \uc774\uc0c1", "scores": "16|17|18|19|20"}}, {"model": "tendencies.question", "pk": "d1957cbe-ec4b-4fd3-9801-4f17ea955a2f", "fields": {"created_at": "2022-04-24T07:22:13.789Z", "updated_at": "2022-04-24T09:11:30.153Z", "type": "be1c24c3-1d80-4e4a-ab81-42318d3bc979", "order": 10, "question_type": "select", "title": "\uae30\ub300\uc218\uc775\ub960 \ubc0f \uc190\uc2e4\uac10\ub0b4\ub3c4", "text": "\ud22c\uc790\ub97c \ud1b5\ud574 \uae30\ub300\ud558\ub294 \uc218\uc775\uacfc \uc190\uc2e4\uc5d0 \ub300\ud55c \uc0dd\uac01\uc740 \uc5b4\ub5a4\uac00\uc694?", "separator_type": "|", "choices": "\uc5c6\uc74c|\uc740\ud589 \uae08\ub9ac \uc218\uc900\uc758 \uc218\uc775\uc774\uba74 \uc88b\uc544\uc694. \uc81c\ud55c\uc801\uc778 \uc190\uc2e4 \uc815\ub3c4\ub9cc \uac10\uc218\ud560\uac8c\uc694.|\uc2dc\uc911 \uae08\ub9ac\ubcf4\ub2e4 \uc870\uae08\uc740 \ub192\uc544\uc57c\uc8e0. \uc6d0\uae08\uc5d0\uc11c \uc77c\ubd80 \uc190\uc2e4\uc740 \uac10\uc218\ud560\uac8c\uc694.|\uc2dc\uc7a5 \uc218\uc775\ub960\uacfc \ube44\uc2b7\ud588\uc73c\uba74 \uc88b\uaca0\uc5b4\uc694. \uc6d0\uae08 \uc190\uc2e4\uc740 \ub2f9\uc5f0\ud788 \uac10\ub2f9\ud560\uac8c\uc694.|\uc2dc\uc7a5 \uc218\uc775\ub960 \ubcf4\ub2e4 \ub192\uc740 \uc218\uc775\ub960\uc774\uc8e0! \uc6d0\uae08\uc190\uc2e4\uc744 \ub450\ub824\uc6cc\ud558\uc9c0 \uc54a\uc544\uc694.", "scores": "0|1|3|4|5"}}, {"model": "tendencies.question", "pk": "d2d3e08d-1f9e-4ec5-938b-ad48193bef8e", "fields": {"created_at": "2022-04-24T07:22:13.789Z", "updated_at": "2022-04-24T09:50:25.121Z", "type": "be1c24c3-1d80-4e4a-ab81-42318d3bc979", "order": 3, "question_type": "select", "title": "\ud22c\uc790\uacbd\ud5d8-A", "text": "\uba87 \ub144 \uc815\ub3c4 \ud22c\uc790\ud574\ubcf4\uc168\uc5b4\uc694?", "separator_type": "|", "choices": "\uc5c6\uc74c|1\ub144 \ubbf8\ub9cc|3\ub144 \ubbf8\ub9cc|3\ub144 \uc774\uc0c1|1\ub144 \ubbf8\ub9cc(0)|3\ub144 \ubbf8\ub9cc(0)|3\ub144 \uc774\uc0c1(0)", "scores": "0|1|3|5|0|0|0"}}, {"model": "tendencies.question", "pk": "e10ff55a-8ca8-461a-ba9d-607c5a0af211", "fields": {"created_at": "2022-04-23T20:42:01.184Z", "updated_at": "2022-04-23T20:42:01.184Z", "type": "ae8e589b-3c12-4415-a074-848fe359f966", "order": 4, "question_type": "select", "title": "\ud22c\uc790 \uae30\uac04\uc744 \uc5bc\ub9c8\ub098 \uc0dd\uac01\ud558\uace0 \uc788\ub098\uc694?", "text": "\ud22c\uc790 \uae30\uac04\uc744 \uc5bc\ub9c8\ub098 \uc0dd\uac01\ud558\uace0 \uc788\ub098\uc694?", "separator_type": "|", "choices": "6\uac1c\uc6d4 \ubbf8\ub9cc|1\ub144 \ubbf8\ub9cc|2\ub144 \ubbf8\ub9cc|3\ub144 \ubbf8\ub9cc|3\ub144 \uc774\uc0c1", "scores": "6|7|8|9|10"}}, {"model": "tendencies.question", "pk": "e9112c32-8da2-4f13-93f8-4611d62ee89c", "fields": {"created_at": "2022-04-23T20:42:01.184Z", "updated_at": "2022-04-23T20:42:01.184Z", "type": "ae8e589b-3c12-4415-a074-848fe359f966", "order": 9, "question_type": "select", "title": "\uae08\uc735\uc0c1\ud488 \ud22c\uc790\ub97c \uc704\ud55c \uae08\uc735 \uc9c0\uc2dd/\uc774\ud574\ub3c4\ub294 \uc5b4\ub290 \uc815\ub3c4\ub77c\uace0 \uc0dd\uac01\ud558\uc2dc\ub098\uc694?", "text": "\uae08\uc735\uc0c1\ud488 \ud22c\uc790\ub97c \uc704\ud55c \uae08\uc735 \uc9c0\uc2dd/\uc774\ud574\ub3c4\ub294 \uc5b4\ub290 \uc815\ub3c4\ub77c\uace0 \uc0dd\uac01\ud558\uc2dc\ub098\uc694?", "separator_type": "|", "choices": "\ucd08\uc800\uc704\ud5d8(CMA, RP \ub4f1) \uae08\uc735\uc0c1\ud488\uc758 \ub0b4\uc6a9\ub9cc \uc774\ud574\ud558\uace0 \uc788\uc74c|\ub110\ub9ac \uc54c\ub824\uc9c4 \uae08\uc735\uc0c1\ud488(\uc8fc\uc2dd, \ucc44\uad8c, \ud380\ub4dc \ub4f1)\uc758 \uad6c\uc870 \ubc0f \uc704\ud5d8 \ub4f1\uc744 \uc77c\uc815 \ubd80\ubd84 \uc774\ud574\ud558\uace0 \uc788\uc74c|\ub110\ub9ac \uc54c\ub824\uc9c4 \uae08\uc735\uc0c1\ud488(\uc8fc\uc2dd, \ucc44\uad8c, \ud380\ub4dc \ub4f1)\uc758 \uad6c\uc870 \ubc0f \uc704\ud5d8 \ub4f1\uc744 \uae4a\uc774 \uc788\uac8c \uc774\ud574\ud558\uace0 \uc788\uc74c|\ud30c\uc0dd\uc0c1\ud488\uc744 \ud3ec\ud568\ud55c \ub300\ubd80\ubd84\uc758 \uae08\uc735\uc0c1\ud488 \uad6c\uc870 \ubc0f \uc704\ud5d8 \ub4f1\uc744 \uc774\ud574\ud558\uace0 \uc788\uc74c", "scores": "1|2|3|4"}}, {"model": "tendencies.question", "pk": "f2552f00-59de-4429-be13-4aa6a00f64a9", "fields": {"created_at": "2022-04-24T07:22:13.789Z", "updated_at": "2022-04-24T09:11:30.151Z", "type": "be1c24c3-1d80-4e4a-ab81-42318d3bc979", "order": 9, "question_type": "select", "title": "\ud22c\uc790 \uc218\uc775 \ubc0f \uc704\ud5d8\uc5d0 \ub300\ud55c \ud0dc\ub3c4", "text": "\ub2e4\uc74c \ubcf4\uae30 \uc911 \uc5b4\ub5a4 \uc0dd\uac01\uacfc \uac00\uae4c\uc6b0\uc138\uc694?", "separator_type": "|", "choices": "\uc5c6\uc74c|\ud22c\uc790\uc218\uc775\ub3c4 \uc88b\uc9c0\ub9cc \uc6d0\uae08 \ubcf4\uc874\uc774 \ub354 \uc911\uc694\ud574\uc694.|\uc6d0\uae08 \ubcf4\uc874\ubcf4\ub2e4\ub294 \ud22c\uc790\uc218\uc775\uc774 \uc911\uc694\ud558\uc8e0.|\ud22c\uc790\uc218\uc775\uc774 \ub192\ub2e4\uba74 \uc190\uc2e4 \uc704\ud5d8\ub3c4 \uac10\uc218\ud560\uac8c\uc694.", "scores": "0|1|3|5"}}]